Date,Description,Hours,Rate
15/01/2024,Frontend development for e-commerce platform,8.0,120.00
16/01/2024,Backend API integration and testing,7.5,130.00
17/01/2024,Database design and optimization,6.0,140.00
18/01/2024,User interface design and prototyping,5.5,110.00
19/01/2024,Security audit and vulnerability assessment,4.0,160.00
22/01/2024,Code review and refactoring,6.5,125.00
23/01/2024,Performance testing and optimization,7.0,135.00
24/01/2024,Documentation and technical specifications,4.5,100.00
25/01/2024,Client meeting and requirements gathering,3.0,150.00
26/01/2024,Deployment and production configuration,5.0,145.00